id,first_name,last_name,position,salary
1,Hartley,Stowell,hstowell0@ehow.com,$858.04
2,Hester,Brayford,hbrayford1@java.com,$1060.20
3,Anselma,Tick,atick2@yelp.com,$1294.21
4,Sayre,Sale,ssale3@360.cn,$2174.38
5,Humphrey,Deveral,hdeveral4@domainmarket.com,$1475.11
6,Jeannette,Hitschke,jhitschke5@marriott.com,$759.02
7,Joane,Petrello,jpetrello6@prweb.com,$698.36
8,Syd,Children,schildren7@berkeley.edu,$1757.33
9,Roxie,Warbrick,rwarbrick8@purevolume.com,$1595.45
10,Skippy,Machent,smachent9@pinterest.com,$900.80
11,Orazio,Benedtti,obenedttia@huffingtonpost.com,$987.30
12,Thorsten,Nibley,tnibleyb@tripod.com,$2251.21
13,Husein,Whitehead,hwhiteheadc@myspace.com,$2380.44
14,Dunstan,McMichan,dmcmichand@ebay.com,$2562.10
15,Aldon,Smewing,asmewinge@dmoz.org,$1531.97
16,Keslie,Dickey,kdickeyf@desdev.cn,$1459.10
17,Merna,Sturmey,msturmeyg@yahoo.co.jp,$2298.11
18,Cacilia,Dwire,cdwireh@whitehouse.gov,$2609.69
19,Alika,Gammade,agammadei@webeden.co.uk,$748.62
20,Brand,Blowfield,bblowfieldj@lulu.com,$656.49
